IndicatorCode,Indicator,ValueType,ParentLocationCode,ParentLocation,Location type,SpatialDimValueCode,Location,Period type,Period,IsLatestYear,Dim1 type,Dim1,Dim1ValueCode,Dim2 type,Dim2,Dim2ValueCode,Dim3 type,Dim3,Dim3ValueCode,DataSourceDimValueCode,DataSource,FactValueNumericPrefix,FactValueNumeric,FactValueUoM,FactValueNumericLowPrefix,FactValueNumericLow,FactValueNumericHighPrefix,FactValueNumericHigh,Value,FactValueTranslationID,FactComments,Language,DateModified
NCD_HYP_PREVALENCE_A,"Prevalence of hypertension among adults aged 30-79 years, age-standardized",numeric,AFR,Africa,Country,RWA,Rwanda,Year,2019,true,Sex,Male,SEX_MLE,,,,,,,,,,28.5,,,18.2,,40.9,28.5 [18.2-40.9],,,EN,2021-08-19T22:00:00.000Z
NCD_HYP_PREVALENCE_A,"Prevalence of hypertension among adults aged 30-79 years, age-standardized",numeric,AFR,Africa,Country,RWA,Rwanda,Year,2019,true,Sex,Both sexes,SEX_BTSX,,,,,,,,,,29.8,,,22.1,,38.3,29.8 [22.1-38.3],,,EN,2021-08-19T22:00:00.000Z
NCD_HYP_PREVALENCE_A,"Prevalence of hypertension among adults aged 30-79 years, age-standardized",numeric,AFR,Africa,Country,RWA,Rwanda,Year,2019,true,Sex,Female,SEX_FMLE,,,,,,,,,,30.9,,,20.1,,42.8,30.9 [20.1-42.8],,,EN,2021-08-19T22:00:00.000Z
NCD_HYP_PREVALENCE_C,"Prevalence of hypertension among adults aged 30-79 years, crude",numeric,AFR,Africa,Country,RWA,Rwanda,Year,2019,true,Sex,Male,SEX_MLE,,,,,,,,,,25.6,,,15.9,,37.5,25.6 [15.9-37.5],,,EN,2021-08-19T22:00:00.000Z
NCD_HYP_PREVALENCE_C,"Prevalence of hypertension among adults aged 30-79 years, crude",numeric,AFR,Africa,Country,RWA,Rwanda,Year,2019,true,Sex,Both sexes,SEX_BTSX,,,,,,,,,,26.4,,,19.2,,34.6,26.4 [19.2-34.6],,,EN,2021-08-19T22:00:00.000Z
NCD_HYP_PREVALENCE_C,"Prevalence of hypertension among adults aged 30-79 years, crude",numeric,AFR,Africa,Country,RWA,Rwanda,Year,2019,true,Sex,Female,SEX_FMLE,,,,,,,,,,27.2,,,17.1,,38.5,27.2 [17.1-38.5],,,EN,2021-08-19T22:00:00.000Z
NCD_HYP_PREVALENCE_A,"Prevalence of hypertension among adults aged 30-79 years, age-standardized",numeric,AFR,Africa,Country,RWA,Rwanda,Year,2018,false,Sex,Male,SEX_MLE,,,,,,,,,,28.9,,,19.3,,40.2,28.9 [19.3-40.2],,,EN,2021-08-19T22:00:00.000Z
NCD_HYP_PREVALENCE_A,"Prevalence of hypertension among adults aged 30-79 years, age-standardized",numeric,AFR,Africa,Country,RWA,Rwanda,Year,2018,false,Sex,Both sexes,SEX_BTSX,,,,,,,,,,30.2,,,23,,37.9,30.2 [23.0-37.9],,,EN,2021-08-19T22:00:00.000Z
NCD_HYP_PREVALENCE_A,"Prevalence of hypertension among adults aged 30-79 years, age-standardized",numeric,AFR,Africa,Country,RWA,Rwanda,Year,2018,false,Sex,Female,SEX_FMLE,,,,,,,,,,31.2,,,21.3,,42,31.2 [21.3-42.0],,,EN,2021-08-19T22:00:00.000Z
NCD_HYP_PREVALENCE_C,"Prevalence of hypertension among adults aged 30-79 years, crude",numeric,AFR,Africa,Country,RWA,Rwanda,Year,2018,false,Sex,Male,SEX_MLE,,,,,,,,,,25.9,,,16.8,,36.9,25.9 [16.8-36.9],,,EN,2021-08-19T22:00:00.000Z
NCD_HYP_PREVALENCE_C,"Prevalence of hypertension among adults aged 30-79 years, crude",numeric,AFR,Africa,Country,RWA,Rwanda,Year,2018,false,Sex,Both sexes,SEX_BTSX,,,,,,,,,,26.7,,,20,,34.1,26.7 [20.0-34.1],,,EN,2021-08-19T22:00:00.000Z
NCD_HYP_PREVALENCE_C,"Prevalence of hypertension among adults aged 30-79 years, crude",numeric,AFR,Africa,Country,RWA,Rwanda,Year,2018,false,Sex,Female,SEX_FMLE,,,,,,,,,,27.3,,,18.2,,37.6,27.3 [18.2-37.6],,,EN,2021-08-19T22:00:00.000Z
NCD_HYP_PREVALENCE_A,"Prevalence of hypertension among adults aged 30-79 years, age-standardized",numeric,AFR,Africa,Country,RWA,Rwanda,Year,2017,false,Sex,Male,SEX_MLE,,,,,,,,,,29.3,,,20.5,,39.8,29.3 [20.5-39.8],,,EN,2021-08-19T22:00:00.000Z
NCD_HYP_PREVALENCE_A,"Prevalence of hypertension among adults aged 30-79 years, age-standardized",numeric,AFR,Africa,Country,RWA,Rwanda,Year,2017,false,Sex,Both sexes,SEX_BTSX,,,,,,,,,,30.5,,,24,,37.5,30.5 [24.0-37.5],,,EN,2021-08-19T22:00:00.000Z
NCD_HYP_PREVALENCE_A,"Prevalence of hypertension among adults aged 30-79 years, age-standardized",numeric,AFR,Africa,Country,RWA,Rwanda,Year,2017,false,Sex,Female,SEX_FMLE,,,,,,,,,,31.4,,,22.6,,41.3,31.4 [22.6-41.3],,,EN,2021-08-19T22:00:00.000Z
NCD_HYP_PREVALENCE_C,"Prevalence of hypertension among adults aged 30-79 years, crude",numeric,AFR,Africa,Country,RWA,Rwanda,Year,2017,false,Sex,Male,SEX_MLE,,,,,,,,,,26.3,,,17.7,,36.5,26.3 [17.7-36.5],,,EN,2021-08-19T22:00:00.000Z
NCD_HYP_PREVALENCE_C,"Prevalence of hypertension among adults aged 30-79 years, crude",numeric,AFR,Africa,Country,RWA,Rwanda,Year,2017,false,Sex,Both sexes,SEX_BTSX,,,,,,,,,,26.9,,,20.8,,33.7,26.9 [20.8-33.7],,,EN,2021-08-19T22:00:00.000Z
NCD_HYP_PREVALENCE_C,"Prevalence of hypertension among adults aged 30-79 years, crude",numeric,AFR,Africa,Country,RWA,Rwanda,Year,2017,false,Sex,Female,SEX_FMLE,,,,,,,,,,27.5,,,19.2,,36.8,27.5 [19.2-36.8],,,EN,2021-08-19T22:00:00.000Z
NCD_HYP_PREVALENCE_A,"Prevalence of hypertension among adults aged 30-79 years, age-standardized",numeric,AFR,Africa,Country,RWA,Rwanda,Year,2016,false,Sex,Male,SEX_MLE,,,,,,,,,,29.8,,,21.2,,39.6,29.8 [21.2-39.6],,,EN,2021-08-19T22:00:00.000Z
NCD_HYP_PREVALENCE_A,"Prevalence of hypertension among adults aged 30-79 years, age-standardized",numeric,AFR,Africa,Country,RWA,Rwanda,Year,2016,false,Sex,Both sexes,SEX_BTSX,,,,,,,,,,30.8,,,24.7,,37.3,30.8 [24.7-37.3],,,EN,2021-08-19T22:00:00.000Z
NCD_HYP_PREVALENCE_A,"Prevalence of hypertension among adults aged 30-79 years, age-standardized",numeric,AFR,Africa,Country,RWA,Rwanda,Year,2016,false,Sex,Female,SEX_FMLE,,,,,,,,,,31.7,,,23.4,,40.6,31.7 [23.4-40.6],,,EN,2021-08-19T22:00:00.000Z
NCD_HYP_PREVALENCE_C,"Prevalence of hypertension among adults aged 30-79 years, crude",numeric,AFR,Africa,Country,RWA,Rwanda,Year,2016,false,Sex,Male,SEX_MLE,,,,,,,,,,26.7,,,18.6,,36.2,26.7 [18.6-36.2],,,EN,2021-08-19T22:00:00.000Z
NCD_HYP_PREVALENCE_C,"Prevalence of hypertension among adults aged 30-79 years, crude",numeric,AFR,Africa,Country,RWA,Rwanda,Year,2016,false,Sex,Both sexes,SEX_BTSX,,,,,,,,,,27.2,,,21.5,,33.4,27.2 [21.5-33.4],,,EN,2021-08-19T22:00:00.000Z
NCD_HYP_PREVALENCE_C,"Prevalence of hypertension among adults aged 30-79 years, crude",numeric,AFR,Africa,Country,RWA,Rwanda,Year,2016,false,Sex,Female,SEX_FMLE,,,,,,,,,,27.7,,,20,,36.2,27.7 [20.0-36.2],,,EN,2021-08-19T22:00:00.000Z
NCD_HYP_PREVALENCE_A,"Prevalence of hypertension among adults aged 30-79 years, age-standardized",numeric,AFR,Africa,Country,RWA,Rwanda,Year,2015,false,Sex,Male,SEX_MLE,,,,,,,,,,30.2,,,22.1,,39.4,30.2 [22.1-39.4],,,EN,2021-08-19T22:00:00.000Z
NCD_HYP_PREVALENCE_A,"Prevalence of hypertension among adults aged 30-79 years, age-standardized",numeric,AFR,Africa,Country,RWA,Rwanda,Year,2015,false,Sex,Both sexes,SEX_BTSX,,,,,,,,,,31.1,,,25.5,,37.1,31.1 [25.5-37.1],,,EN,2021-08-19T22:00:00.000Z
NCD_HYP_PREVALENCE_A,"Prevalence of hypertension among adults aged 30-79 years, age-standardized",numeric,AFR,Africa,Country,RWA,Rwanda,Year,2015,false,Sex,Female,SEX_FMLE,,,,,,,,,,31.9,,,24.1,,40.3,31.9 [24.1-40.3],,,EN,2021-08-19T22:00:00.000Z
NCD_HYP_PREVALENCE_C,"Prevalence of hypertension among adults aged 30-79 years, crude",numeric,AFR,Africa,Country,RWA,Rwanda,Year,2015,false,Sex,Male,SEX_MLE,,,,,,,,,,27.1,,,19.4,,36,27.1 [19.4-36.0],,,EN,2021-08-19T22:00:00.000Z
NCD_HYP_PREVALENCE_C,"Prevalence of hypertension among adults aged 30-79 years, crude",numeric,AFR,Africa,Country,RWA,Rwanda,Year,2015,false,Sex,Both sexes,SEX_BTSX,,,,,,,,,,27.5,,,22.1,,33.4,27.5 [22.1-33.4],,,EN,2021-08-19T22:00:00.000Z
NCD_HYP_PREVALENCE_C,"Prevalence of hypertension among adults aged 30-79 years, crude",numeric,AFR,Africa,Country,RWA,Rwanda,Year,2015,false,Sex,Female,SEX_FMLE,,,,,,,,,,27.9,,,20.7,,35.9,27.9 [20.7-35.9],,,EN,2021-08-19T22:00:00.000Z
NCD_HYP_PREVALENCE_A,"Prevalence of hypertension among adults aged 30-79 years, age-standardized",numeric,AFR,Africa,Country,RWA,Rwanda,Year,2014,false,Sex,Male,SEX_MLE,,,,,,,,,,30.6,,,22.9,,39.5,30.6 [22.9-39.5],,,EN,2021-08-19T22:00:00.000Z
NCD_HYP_PREVALENCE_A,"Prevalence of hypertension among adults aged 30-79 years, age-standardized",numeric,AFR,Africa,Country,RWA,Rwanda,Year,2014,false,Sex,Both sexes,SEX_BTSX,,,,,,,,,,31.5,,,26.1,,37.2,31.5 [26.1-37.2],,,EN,2021-08-19T22:00:00.000Z
NCD_HYP_PREVALENCE_A,"Prevalence of hypertension among adults aged 30-79 years, age-standardized",numeric,AFR,Africa,Country,RWA,Rwanda,Year,2014,false,Sex,Female,SEX_FMLE,,,,,,,,,,32.1,,,24.7,,39.9,32.1 [24.7-39.9],,,EN,2021-08-19T22:00:00.000Z
NCD_HYP_PREVALENCE_C,"Prevalence of hypertension among adults aged 30-79 years, crude",numeric,AFR,Africa,Country,RWA,Rwanda,Year,2014,false,Sex,Male,SEX_MLE,,,,,,,,,,27.5,,,20.1,,36,27.5 [20.1-36.0],,,EN,2021-08-19T22:00:00.000Z
NCD_HYP_PREVALENCE_C,"Prevalence of hypertension among adults aged 30-79 years, crude",numeric,AFR,Africa,Country,RWA,Rwanda,Year,2014,false,Sex,Both sexes,SEX_BTSX,,,,,,,,,,27.8,,,22.7,,33.3,27.8 [22.7-33.3],,,EN,2021-08-19T22:00:00.000Z
NCD_HYP_PREVALENCE_C,"Prevalence of hypertension among adults aged 30-79 years, crude",numeric,AFR,Africa,Country,RWA,Rwanda,Year,2014,false,Sex,Female,SEX_FMLE,,,,,,,,,,28.1,,,21.3,,35.7,28.1 [21.3-35.7],,,EN,2021-08-19T22:00:00.000Z
NCD_HYP_PREVALENCE_A,"Prevalence of hypertension among adults aged 30-79 years, age-standardized",numeric,AFR,Africa,Country,RWA,Rwanda,Year,2013,false,Sex,Male,SEX_MLE,,,,,,,,,,31.1,,,23.5,,39.5,31.1 [23.5-39.5],,,EN,2021-08-19T22:00:00.000Z
NCD_HYP_PREVALENCE_A,"Prevalence of hypertension among adults aged 30-79 years, age-standardized",numeric,AFR,Africa,Country,RWA,Rwanda,Year,2013,false,Sex,Both sexes,SEX_BTSX,,,,,,,,,,31.8,,,26.5,,37.3,31.8 [26.5-37.3],,,EN,2021-08-19T22:00:00.000Z
NCD_HYP_PREVALENCE_A,"Prevalence of hypertension among adults aged 30-79 years, age-standardized",numeric,AFR,Africa,Country,RWA,Rwanda,Year,2013,false,Sex,Female,SEX_FMLE,,,,,,,,,,32.3,,,25.2,,39.9,32.3 [25.2-39.9],,,EN,2021-08-19T22:00:00.000Z
NCD_HYP_PREVALENCE_C,"Prevalence of hypertension among adults aged 30-79 years, crude",numeric,AFR,Africa,Country,RWA,Rwanda,Year,2013,false,Sex,Male,SEX_MLE,,,,,,,,,,27.9,,,20.7,,36.1,27.9 [20.7-36.1],,,EN,2021-08-19T22:00:00.000Z
NCD_HYP_PREVALENCE_C,"Prevalence of hypertension among adults aged 30-79 years, crude",numeric,AFR,Africa,Country,RWA,Rwanda,Year,2013,false,Sex,Both sexes,SEX_BTSX,,,,,,,,,,28.2,,,23.2,,33.4,28.2 [23.2-33.4],,,EN,2021-08-19T22:00:00.000Z
NCD_HYP_PREVALENCE_C,"Prevalence of hypertension among adults aged 30-79 years, crude",numeric,AFR,Africa,Country,RWA,Rwanda,Year,2013,false,Sex,Female,SEX_FMLE,,,,,,,,,,28.4,,,21.8,,35.7,28.4 [21.8-35.7],,,EN,2021-08-19T22:00:00.000Z
NCD_HYP_PREVALENCE_A,"Prevalence of hypertension among adults aged 30-79 years, age-standardized",numeric,AFR,Africa,Country,RWA,Rwanda,Year,2012,false,Sex,Male,SEX_MLE,,,,,,,,,,31.5,,,24,,39.9,31.5 [24.0-39.9],,,EN,2021-08-19T22:00:00.000Z
NCD_HYP_PREVALENCE_A,"Prevalence of hypertension among adults aged 30-79 years, age-standardized",numeric,AFR,Africa,Country,RWA,Rwanda,Year,2012,false,Sex,Both sexes,SEX_BTSX,,,,,,,,,,32.1,,,26.9,,37.5,32.1 [26.9-37.5],,,EN,2021-08-19T22:00:00.000Z
NCD_HYP_PREVALENCE_A,"Prevalence of hypertension among adults aged 30-79 years, age-standardized",numeric,AFR,Africa,Country,RWA,Rwanda,Year,2012,false,Sex,Female,SEX_FMLE,,,,,,,,,,32.5,,,25.6,,40,32.5 [25.6-40.0],,,EN,2021-08-19T22:00:00.000Z
NCD_HYP_PREVALENCE_C,"Prevalence of hypertension among adults aged 30-79 years, crude",numeric,AFR,Africa,Country,RWA,Rwanda,Year,2012,false,Sex,Male,SEX_MLE,,,,,,,,,,28.3,,,21.1,,36.5,28.3 [21.1-36.5],,,EN,2021-08-19T22:00:00.000Z
NCD_HYP_PREVALENCE_C,"Prevalence of hypertension among adults aged 30-79 years, crude",numeric,AFR,Africa,Country,RWA,Rwanda,Year,2012,false,Sex,Both sexes,SEX_BTSX,,,,,,,,,,28.5,,,23.5,,33.8,28.5 [23.5-33.8],,,EN,2021-08-19T22:00:00.000Z
NCD_HYP_PREVALENCE_C,"Prevalence of hypertension among adults aged 30-79 years, crude",numeric,AFR,Africa,Country,RWA,Rwanda,Year,2012,false,Sex,Female,SEX_FMLE,,,,,,,,,,28.7,,,22.2,,35.9,28.7 [22.2-35.9],,,EN,2021-08-19T22:00:00.000Z
NCD_HYP_PREVALENCE_A,"Prevalence of hypertension among adults aged 30-79 years, age-standardized",numeric,AFR,Africa,Country,RWA,Rwanda,Year,2011,false,Sex,Male,SEX_MLE,,,,,,,,,,31.9,,,24.3,,40.2,31.9 [24.3-40.2],,,EN,2021-08-19T22:00:00.000Z
NCD_HYP_PREVALENCE_A,"Prevalence of hypertension among adults aged 30-79 years, age-standardized",numeric,AFR,Africa,Country,RWA,Rwanda,Year,2011,false,Sex,Both sexes,SEX_BTSX,,,,,,,,,,32.4,,,27.1,,37.8,32.4 [27.1-37.8],,,EN,2021-08-19T22:00:00.000Z
NCD_HYP_PREVALENCE_A,"Prevalence of hypertension among adults aged 30-79 years, age-standardized",numeric,AFR,Africa,Country,RWA,Rwanda,Year,2011,false,Sex,Female,SEX_FMLE,,,,,,,,,,32.7,,,25.7,,40.3,32.7 [25.7-40.3],,,EN,2021-08-19T22:00:00.000Z
NCD_HYP_PREVALENCE_C,"Prevalence of hypertension among adults aged 30-79 years, crude",numeric,AFR,Africa,Country,RWA,Rwanda,Year,2011,false,Sex,Male,SEX_MLE,,,,,,,,,,28.7,,,21.4,,36.9,28.7 [21.4-36.9],,,EN,2021-08-19T22:00:00.000Z
NCD_HYP_PREVALENCE_C,"Prevalence of hypertension among adults aged 30-79 years, crude",numeric,AFR,Africa,Country,RWA,Rwanda,Year,2011,false,Sex,Both sexes,SEX_BTSX,,,,,,,,,,28.9,,,23.8,,34.1,28.9 [23.8-34.1],,,EN,2021-08-19T22:00:00.000Z
NCD_HYP_PREVALENCE_C,"Prevalence of hypertension among adults aged 30-79 years, crude",numeric,AFR,Africa,Country,RWA,Rwanda,Year,2011,false,Sex,Female,SEX_FMLE,,,,,,,,,,29,,,22.5,,36.4,29.0 [22.5-36.4],,,EN,2021-08-19T22:00:00.000Z
NCD_HYP_PREVALENCE_A,"Prevalence of hypertension among adults aged 30-79 years, age-standardized",numeric,AFR,Africa,Country,RWA,Rwanda,Year,2010,false,Sex,Male,SEX_MLE,,,,,,,,,,32.3,,,24.6,,40.6,32.3 [24.6-40.6],,,EN,2021-08-19T22:00:00.000Z
NCD_HYP_PREVALENCE_A,"Prevalence of hypertension among adults aged 30-79 years, age-standardized",numeric,AFR,Africa,Country,RWA,Rwanda,Year,2010,false,Sex,Both sexes,SEX_BTSX,,,,,,,,,,32.6,,,27.2,,38.1,32.6 [27.2-38.1],,,EN,2021-08-19T22:00:00.000Z
NCD_HYP_PREVALENCE_A,"Prevalence of hypertension among adults aged 30-79 years, age-standardized",numeric,AFR,Africa,Country,RWA,Rwanda,Year,2010,false,Sex,Female,SEX_FMLE,,,,,,,,,,32.8,,,25.7,,40.5,32.8 [25.7-40.5],,,EN,2021-08-19T22:00:00.000Z
NCD_HYP_PREVALENCE_C,"Prevalence of hypertension among adults aged 30-79 years, crude",numeric,AFR,Africa,Country,RWA,Rwanda,Year,2010,false,Sex,Male,SEX_MLE,,,,,,,,,,29.1,,,21.6,,37.3,29.1 [21.6-37.3],,,EN,2021-08-19T22:00:00.000Z
NCD_HYP_PREVALENCE_C,"Prevalence of hypertension among adults aged 30-79 years, crude",numeric,AFR,Africa,Country,RWA,Rwanda,Year,2010,false,Sex,Both sexes,SEX_BTSX,,,,,,,,,,29.2,,,24,,34.5,29.2 [24.0-34.5],,,EN,2021-08-19T22:00:00.000Z
NCD_HYP_PREVALENCE_C,"Prevalence of hypertension among adults aged 30-79 years, crude",numeric,AFR,Africa,Country,RWA,Rwanda,Year,2010,false,Sex,Female,SEX_FMLE,,,,,,,,,,29.3,,,22.5,,36.7,29.3 [22.5-36.7],,,EN,2021-08-19T22:00:00.000Z
NCD_HYP_PREVALENCE_A,"Prevalence of hypertension among adults aged 30-79 years, age-standardized",numeric,AFR,Africa,Country,RWA,Rwanda,Year,2009,false,Sex,Male,SEX_MLE,,,,,,,,,,32.5,,,24.7,,41.1,32.5 [24.7-41.1],,,EN,2021-08-19T22:00:00.000Z
NCD_HYP_PREVALENCE_A,"Prevalence of hypertension among adults aged 30-79 years, age-standardized",numeric,AFR,Africa,Country,RWA,Rwanda,Year,2009,false,Sex,Both sexes,SEX_BTSX,,,,,,,,,,32.8,,,27.3,,38.5,32.8 [27.3-38.5],,,EN,2021-08-19T22:00:00.000Z
NCD_HYP_PREVALENCE_A,"Prevalence of hypertension among adults aged 30-79 years, age-standardized",numeric,AFR,Africa,Country,RWA,Rwanda,Year,2009,false,Sex,Female,SEX_FMLE,,,,,,,,,,32.9,,,25.5,,40.9,32.9 [25.5-40.9],,,EN,2021-08-19T22:00:00.000Z
NCD_HYP_PREVALENCE_C,"Prevalence of hypertension among adults aged 30-79 years, crude",numeric,AFR,Africa,Country,RWA,Rwanda,Year,2009,false,Sex,Male,SEX_MLE,,,,,,,,,,29.3,,,21.8,,37.7,29.3 [21.8-37.7],,,EN,2021-08-19T22:00:00.000Z
NCD_HYP_PREVALENCE_C,"Prevalence of hypertension among adults aged 30-79 years, crude",numeric,AFR,Africa,Country,RWA,Rwanda,Year,2009,false,Sex,Female,SEX_FMLE,,,,,,,,,,29.4,,,22.4,,37.2,29.4 [22.4-37.2],,,EN,2021-08-19T22:00:00.000Z
NCD_HYP_PREVALENCE_C,"Prevalence of hypertension among adults aged 30-79 years, crude",numeric,AFR,Africa,Country,RWA,Rwanda,Year,2009,false,Sex,Both sexes,SEX_BTSX,,,,,,,,,,29.4,,,24.1,,34.9,29.4 [24.1-34.9],,,EN,2021-08-19T22:00:00.000Z
NCD_HYP_PREVALENCE_A,"Prevalence of hypertension among adults aged 30-79 years, age-standardized",numeric,AFR,Africa,Country,RWA,Rwanda,Year,2008,false,Sex,Male,SEX_MLE,,,,,,,,,,32.8,,,24.8,,41.5,32.8 [24.8-41.5],,,EN,2021-08-19T22:00:00.000Z
NCD_HYP_PREVALENCE_A,"Prevalence of hypertension among adults aged 30-79 years, age-standardized",numeric,AFR,Africa,Country,RWA,Rwanda,Year,2008,false,Sex,Female,SEX_FMLE,,,,,,,,,,32.9,,,25.4,,41.2,32.9 [25.4-41.2],,,EN,2021-08-19T22:00:00.000Z
NCD_HYP_PREVALENCE_A,"Prevalence of hypertension among adults aged 30-79 years, age-standardized",numeric,AFR,Africa,Country,RWA,Rwanda,Year,2008,false,Sex,Both sexes,SEX_BTSX,,,,,,,,,,32.9,,,27.2,,38.7,32.9 [27.2-38.7],,,EN,2021-08-19T22:00:00.000Z
NCD_HYP_PREVALENCE_C,"Prevalence of hypertension among adults aged 30-79 years, crude",numeric,AFR,Africa,Country,RWA,Rwanda,Year,2008,false,Sex,Female,SEX_FMLE,,,,,,,,,,29.4,,,22.2,,37.4,29.4 [22.2-37.4],,,EN,2021-08-19T22:00:00.000Z
NCD_HYP_PREVALENCE_C,"Prevalence of hypertension among adults aged 30-79 years, crude",numeric,AFR,Africa,Country,RWA,Rwanda,Year,2008,false,Sex,Male,SEX_MLE,,,,,,,,,,29.5,,,21.8,,38,29.5 [21.8-38.0],,,EN,2021-08-19T22:00:00.000Z
NCD_HYP_PREVALENCE_C,"Prevalence of hypertension among adults aged 30-79 years, crude",numeric,AFR,Africa,Country,RWA,Rwanda,Year,2008,false,Sex,Both sexes,SEX_BTSX,,,,,,,,,,29.5,,,23.9,,35.1,29.5 [23.9-35.1],,,EN,2021-08-19T22:00:00.000Z
NCD_HYP_PREVALENCE_A,"Prevalence of hypertension among adults aged 30-79 years, age-standardized",numeric,AFR,Africa,Country,RWA,Rwanda,Year,2007,false,Sex,Male,SEX_MLE,,,,,,,,,,32.9,,,24.7,,41.9,32.9 [24.7-41.9],,,EN,2021-08-19T22:00:00.000Z
NCD_HYP_PREVALENCE_A,"Prevalence of hypertension among adults aged 30-79 years, age-standardized",numeric,AFR,Africa,Country,RWA,Rwanda,Year,2007,false,Sex,Female,SEX_FMLE,,,,,,,,,,32.9,,,25.1,,41.3,32.9 [25.1-41.3],,,EN,2021-08-19T22:00:00.000Z
NCD_HYP_PREVALENCE_A,"Prevalence of hypertension among adults aged 30-79 years, age-standardized",numeric,AFR,Africa,Country,RWA,Rwanda,Year,2007,false,Sex,Both sexes,SEX_BTSX,,,,,,,,,,33,,,27.1,,39,33.0 [27.1-39.0],,,EN,2021-08-19T22:00:00.000Z
NCD_HYP_PREVALENCE_C,"Prevalence of hypertension among adults aged 30-79 years, crude",numeric,AFR,Africa,Country,RWA,Rwanda,Year,2007,false,Sex,Female,SEX_FMLE,,,,,,,,,,29.3,,,21.9,,37.4,29.3 [21.9-37.4],,,EN,2021-08-19T22:00:00.000Z
NCD_HYP_PREVALENCE_C,"Prevalence of hypertension among adults aged 30-79 years, crude",numeric,AFR,Africa,Country,RWA,Rwanda,Year,2007,false,Sex,Both sexes,SEX_BTSX,,,,,,,,,,29.4,,,23.8,,35.3,29.4 [23.8-35.3],,,EN,2021-08-19T22:00:00.000Z
NCD_HYP_PREVALENCE_C,"Prevalence of hypertension among adults aged 30-79 years, crude",numeric,AFR,Africa,Country,RWA,Rwanda,Year,2007,false,Sex,Male,SEX_MLE,,,,,,,,,,29.6,,,21.6,,38.5,29.6 [21.6-38.5],,,EN,2021-08-19T22:00:00.000Z
NCD_HYP_PREVALENCE_A,"Prevalence of hypertension among adults aged 30-79 years, age-standardized",numeric,AFR,Africa,Country,RWA,Rwanda,Year,2006,false,Sex,Female,SEX_FMLE,,,,,,,,,,32.8,,,24.7,,41.2,32.8 [24.7-41.2],,,EN,2021-08-19T22:00:00.000Z
NCD_HYP_PREVALENCE_A,"Prevalence of hypertension among adults aged 30-79 years, age-standardized",numeric,AFR,Africa,Country,RWA,Rwanda,Year,2006,false,Sex,Male,SEX_MLE,,,,,,,,,,32.9,,,24.5,,42.1,32.9 [24.5-42.1],,,EN,2021-08-19T22:00:00.000Z
NCD_HYP_PREVALENCE_A,"Prevalence of hypertension among adults aged 30-79 years, age-standardized",numeric,AFR,Africa,Country,RWA,Rwanda,Year,2006,false,Sex,Both sexes,SEX_BTSX,,,,,,,,,,32.9,,,26.9,,39.1,32.9 [26.9-39.1],,,EN,2021-08-19T22:00:00.000Z
NCD_HYP_PREVALENCE_C,"Prevalence of hypertension among adults aged 30-79 years, crude",numeric,AFR,Africa,Country,RWA,Rwanda,Year,2006,false,Sex,Female,SEX_FMLE,,,,,,,,,,29.2,,,21.6,,37.4,29.2 [21.6-37.4],,,EN,2021-08-19T22:00:00.000Z
NCD_HYP_PREVALENCE_C,"Prevalence of hypertension among adults aged 30-79 years, crude",numeric,AFR,Africa,Country,RWA,Rwanda,Year,2006,false,Sex,Both sexes,SEX_BTSX,,,,,,,,,,29.4,,,23.6,,35.4,29.4 [23.6-35.4],,,EN,2021-08-19T22:00:00.000Z
NCD_HYP_PREVALENCE_C,"Prevalence of hypertension among adults aged 30-79 years, crude",numeric,AFR,Africa,Country,RWA,Rwanda,Year,2006,false,Sex,Male,SEX_MLE,,,,,,,,,,29.5,,,21.5,,38.5,29.5 [21.5-38.5],,,EN,2021-08-19T22:00:00.000Z
NCD_HYP_PREVALENCE_A,"Prevalence of hypertension among adults aged 30-79 years, age-standardized",numeric,AFR,Africa,Country,RWA,Rwanda,Year,2005,false,Sex,Female,SEX_FMLE,,,,,,,,,,32.6,,,24.3,,41.2,32.6 [24.3-41.2],,,EN,2021-08-19T22:00:00.000Z
NCD_HYP_PREVALENCE_A,"Prevalence of hypertension among adults aged 30-79 years, age-standardized",numeric,AFR,Africa,Country,RWA,Rwanda,Year,2005,false,Sex,Male,SEX_MLE,,,,,,,,,,32.9,,,24.3,,42.3,32.9 [24.3-42.3],,,EN,2021-08-19T22:00:00.000Z
NCD_HYP_PREVALENCE_A,"Prevalence of hypertension among adults aged 30-79 years, age-standardized",numeric,AFR,Africa,Country,RWA,Rwanda,Year,2005,false,Sex,Both sexes,SEX_BTSX,,,,,,,,,,32.9,,,26.7,,39.2,32.9 [26.7-39.2],,,EN,2021-08-19T22:00:00.000Z
NCD_HYP_PREVALENCE_C,"Prevalence of hypertension among adults aged 30-79 years, crude",numeric,AFR,Africa,Country,RWA,Rwanda,Year,2005,false,Sex,Female,SEX_FMLE,,,,,,,,,,29,,,21.2,,37.3,29.0 [21.2-37.3],,,EN,2021-08-19T22:00:00.000Z
NCD_HYP_PREVALENCE_C,"Prevalence of hypertension among adults aged 30-79 years, crude",numeric,AFR,Africa,Country,RWA,Rwanda,Year,2005,false,Sex,Both sexes,SEX_BTSX,,,,,,,,,,29.2,,,23.3,,35.4,29.2 [23.3-35.4],,,EN,2021-08-19T22:00:00.000Z
NCD_HYP_PREVALENCE_C,"Prevalence of hypertension among adults aged 30-79 years, crude",numeric,AFR,Africa,Country,RWA,Rwanda,Year,2005,false,Sex,Male,SEX_MLE,,,,,,,,,,29.5,,,21.3,,38.7,29.5 [21.3-38.7],,,EN,2021-08-19T22:00:00.000Z
NCD_HYP_PREVALENCE_A,"Prevalence of hypertension among adults aged 30-79 years, age-standardized",numeric,AFR,Africa,Country,RWA,Rwanda,Year,2004,false,Sex,Female,SEX_FMLE,,,,,,,,,,32.5,,,24.1,,41.3,32.5 [24.1-41.3],,,EN,2021-08-19T22:00:00.000Z
NCD_HYP_PREVALENCE_A,"Prevalence of hypertension among adults aged 30-79 years, age-standardized",numeric,AFR,Africa,Country,RWA,Rwanda,Year,2004,false,Sex,Both sexes,SEX_BTSX,,,,,,,,,,32.8,,,26.5,,39.3,32.8 [26.5-39.3],,,EN,2021-08-19T22:00:00.000Z
NCD_HYP_PREVALENCE_A,"Prevalence of hypertension among adults aged 30-79 years, age-standardized",numeric,AFR,Africa,Country,RWA,Rwanda,Year,2004,false,Sex,Male,SEX_MLE,,,,,,,,,,32.9,,,24.2,,42.4,32.9 [24.2-42.4],,,EN,2021-08-19T22:00:00.000Z
NCD_HYP_PREVALENCE_C,"Prevalence of hypertension among adults aged 30-79 years, crude",numeric,AFR,Africa,Country,RWA,Rwanda,Year,2004,false,Sex,Female,SEX_FMLE,,,,,,,,,,28.9,,,20.9,,37.4,28.9 [20.9-37.4],,,EN,2021-08-19T22:00:00.000Z
NCD_HYP_PREVALENCE_C,"Prevalence of hypertension among adults aged 30-79 years, crude",numeric,AFR,Africa,Country,RWA,Rwanda,Year,2004,false,Sex,Both sexes,SEX_BTSX,,,,,,,,,,29.1,,,23.2,,35.5,29.1 [23.2-35.5],,,EN,2021-08-19T22:00:00.000Z
NCD_HYP_PREVALENCE_C,"Prevalence of hypertension among adults aged 30-79 years, crude",numeric,AFR,Africa,Country,RWA,Rwanda,Year,2004,false,Sex,Male,SEX_MLE,,,,,,,,,,29.4,,,21,,38.8,29.4 [21.0-38.8],,,EN,2021-08-19T22:00:00.000Z
NCD_HYP_PREVALENCE_A,"Prevalence of hypertension among adults aged 30-79 years, age-standardized",numeric,AFR,Africa,Country,RWA,Rwanda,Year,2003,false,Sex,Female,SEX_FMLE,,,,,,,,,,32.3,,,23.7,,41.4,32.3 [23.7-41.4],,,EN,2021-08-19T22:00:00.000Z
NCD_HYP_PREVALENCE_A,"Prevalence of hypertension among adults aged 30-79 years, age-standardized",numeric,AFR,Africa,Country,RWA,Rwanda,Year,2003,false,Sex,Both sexes,SEX_BTSX,,,,,,,,,,32.6,,,26.3,,39.3,32.6 [26.3-39.3],,,EN,2021-08-19T22:00:00.000Z
NCD_HYP_PREVALENCE_A,"Prevalence of hypertension among adults aged 30-79 years, age-standardized",numeric,AFR,Africa,Country,RWA,Rwanda,Year,2003,false,Sex,Male,SEX_MLE,,,,,,,,,,32.8,,,23.8,,42.5,32.8 [23.8-42.5],,,EN,2021-08-19T22:00:00.000Z
NCD_HYP_PREVALENCE_C,"Prevalence of hypertension among adults aged 30-79 years, crude",numeric,AFR,Africa,Country,RWA,Rwanda,Year,2003,false,Sex,Female,SEX_FMLE,,,,,,,,,,28.7,,,20.6,,37.5,28.7 [20.6-37.5],,,EN,2021-08-19T22:00:00.000Z
NCD_HYP_PREVALENCE_C,"Prevalence of hypertension among adults aged 30-79 years, crude",numeric,AFR,Africa,Country,RWA,Rwanda,Year,2003,false,Sex,Both sexes,SEX_BTSX,,,,,,,,,,29,,,23,,35.5,29.0 [23.0-35.5],,,EN,2021-08-19T22:00:00.000Z
NCD_HYP_PREVALENCE_C,"Prevalence of hypertension among adults aged 30-79 years, crude",numeric,AFR,Africa,Country,RWA,Rwanda,Year,2003,false,Sex,Male,SEX_MLE,,,,,,,,,,29.3,,,20.7,,39,29.3 [20.7-39.0],,,EN,2021-08-19T22:00:00.000Z
NCD_HYP_PREVALENCE_A,"Prevalence of hypertension among adults aged 30-79 years, age-standardized",numeric,AFR,Africa,Country,RWA,Rwanda,Year,2002,false,Sex,Female,SEX_FMLE,,,,,,,,,,32.1,,,23.3,,41.4,32.1 [23.3-41.4],,,EN,2021-08-19T22:00:00.000Z
NCD_HYP_PREVALENCE_A,"Prevalence of hypertension among adults aged 30-79 years, age-standardized",numeric,AFR,Africa,Country,RWA,Rwanda,Year,2002,false,Sex,Both sexes,SEX_BTSX,,,,,,,,,,32.5,,,26.1,,39.2,32.5 [26.1-39.2],,,EN,2021-08-19T22:00:00.000Z
NCD_HYP_PREVALENCE_A,"Prevalence of hypertension among adults aged 30-79 years, age-standardized",numeric,AFR,Africa,Country,RWA,Rwanda,Year,2002,false,Sex,Male,SEX_MLE,,,,,,,,,,32.7,,,23.6,,42.8,32.7 [23.6-42.8],,,EN,2021-08-19T22:00:00.000Z
NCD_HYP_PREVALENCE_C,"Prevalence of hypertension among adults aged 30-79 years, crude",numeric,AFR,Africa,Country,RWA,Rwanda,Year,2002,false,Sex,Female,SEX_FMLE,,,,,,,,,,28.7,,,20.3,,37.6,28.7 [20.3-37.6],,,EN,2021-08-19T22:00:00.000Z
NCD_HYP_PREVALENCE_C,"Prevalence of hypertension among adults aged 30-79 years, crude",numeric,AFR,Africa,Country,RWA,Rwanda,Year,2002,false,Sex,Both sexes,SEX_BTSX,,,,,,,,,,29,,,22.9,,35.6,29.0 [22.9-35.6],,,EN,2021-08-19T22:00:00.000Z
NCD_HYP_PREVALENCE_C,"Prevalence of hypertension among adults aged 30-79 years, crude",numeric,AFR,Africa,Country,RWA,Rwanda,Year,2002,false,Sex,Male,SEX_MLE,,,,,,,,,,29.3,,,20.6,,39.2,29.3 [20.6-39.2],,,EN,2021-08-19T22:00:00.000Z
NCD_HYP_PREVALENCE_A,"Prevalence of hypertension among adults aged 30-79 years, age-standardized",numeric,AFR,Africa,Country,RWA,Rwanda,Year,2001,false,Sex,Female,SEX_FMLE,,,,,,,,,,31.9,,,23,,41.2,31.9 [23.0-41.2],,,EN,2021-08-19T22:00:00.000Z
NCD_HYP_PREVALENCE_A,"Prevalence of hypertension among adults aged 30-79 years, age-standardized",numeric,AFR,Africa,Country,RWA,Rwanda,Year,2001,false,Sex,Both sexes,SEX_BTSX,,,,,,,,,,32.3,,,25.9,,39.2,32.3 [25.9-39.2],,,EN,2021-08-19T22:00:00.000Z
NCD_HYP_PREVALENCE_A,"Prevalence of hypertension among adults aged 30-79 years, age-standardized",numeric,AFR,Africa,Country,RWA,Rwanda,Year,2001,false,Sex,Male,SEX_MLE,,,,,,,,,,32.6,,,23.3,,42.8,32.6 [23.3-42.8],,,EN,2021-08-19T22:00:00.000Z
NCD_HYP_PREVALENCE_C,"Prevalence of hypertension among adults aged 30-79 years, crude",numeric,AFR,Africa,Country,RWA,Rwanda,Year,2001,false,Sex,Female,SEX_FMLE,,,,,,,,,,28.6,,,20.2,,37.7,28.6 [20.2-37.7],,,EN,2021-08-19T22:00:00.000Z
NCD_HYP_PREVALENCE_C,"Prevalence of hypertension among adults aged 30-79 years, crude",numeric,AFR,Africa,Country,RWA,Rwanda,Year,2001,false,Sex,Both sexes,SEX_BTSX,,,,,,,,,,28.9,,,22.8,,35.6,28.9 [22.8-35.6],,,EN,2021-08-19T22:00:00.000Z
NCD_HYP_PREVALENCE_C,"Prevalence of hypertension among adults aged 30-79 years, crude",numeric,AFR,Africa,Country,RWA,Rwanda,Year,2001,false,Sex,Male,SEX_MLE,,,,,,,,,,29.2,,,20.4,,39.4,29.2 [20.4-39.4],,,EN,2021-08-19T22:00:00.000Z
NCD_HYP_PREVALENCE_A,"Prevalence of hypertension among adults aged 30-79 years, age-standardized",numeric,AFR,Africa,Country,RWA,Rwanda,Year,2000,false,Sex,Female,SEX_FMLE,,,,,,,,,,31.8,,,22.6,,41.3,31.8 [22.6-41.3],,,EN,2021-08-19T22:00:00.000Z
NCD_HYP_PREVALENCE_A,"Prevalence of hypertension among adults aged 30-79 years, age-standardized",numeric,AFR,Africa,Country,RWA,Rwanda,Year,2000,false,Sex,Both sexes,SEX_BTSX,,,,,,,,,,32.2,,,25.6,,39.2,32.2 [25.6-39.2],,,EN,2021-08-19T22:00:00.000Z
NCD_HYP_PREVALENCE_A,"Prevalence of hypertension among adults aged 30-79 years, age-standardized",numeric,AFR,Africa,Country,RWA,Rwanda,Year,2000,false,Sex,Male,SEX_MLE,,,,,,,,,,32.5,,,22.9,,43,32.5 [22.9-43.0],,,EN,2021-08-19T22:00:00.000Z
NCD_HYP_PREVALENCE_C,"Prevalence of hypertension among adults aged 30-79 years, crude",numeric,AFR,Africa,Country,RWA,Rwanda,Year,2000,false,Sex,Female,SEX_FMLE,,,,,,,,,,28.6,,,19.9,,37.8,28.6 [19.9-37.8],,,EN,2021-08-19T22:00:00.000Z
NCD_HYP_PREVALENCE_C,"Prevalence of hypertension among adults aged 30-79 years, crude",numeric,AFR,Africa,Country,RWA,Rwanda,Year,2000,false,Sex,Both sexes,SEX_BTSX,,,,,,,,,,28.9,,,22.6,,35.6,28.9 [22.6-35.6],,,EN,2021-08-19T22:00:00.000Z
NCD_HYP_PREVALENCE_C,"Prevalence of hypertension among adults aged 30-79 years, crude",numeric,AFR,Africa,Country,RWA,Rwanda,Year,2000,false,Sex,Male,SEX_MLE,,,,,,,,,,29.2,,,20.2,,39.6,29.2 [20.2-39.6],,,EN,2021-08-19T22:00:00.000Z
NCD_HYP_PREVALENCE_A,"Prevalence of hypertension among adults aged 30-79 years, age-standardized",numeric,AFR,Africa,Country,RWA,Rwanda,Year,1999,false,Sex,Female,SEX_FMLE,,,,,,,,,,31.6,,,22.4,,41.4,31.6 [22.4-41.4],,,EN,2021-08-19T22:00:00.000Z
NCD_HYP_PREVALENCE_A,"Prevalence of hypertension among adults aged 30-79 years, age-standardized",numeric,AFR,Africa,Country,RWA,Rwanda,Year,1999,false,Sex,Both sexes,SEX_BTSX,,,,,,,,,,32.1,,,25.3,,39.2,32.1 [25.3-39.2],,,EN,2021-08-19T22:00:00.000Z
NCD_HYP_PREVALENCE_A,"Prevalence of hypertension among adults aged 30-79 years, age-standardized",numeric,AFR,Africa,Country,RWA,Rwanda,Year,1999,false,Sex,Male,SEX_MLE,,,,,,,,,,32.4,,,22.6,,43,32.4 [22.6-43.0],,,EN,2021-08-19T22:00:00.000Z
NCD_HYP_PREVALENCE_C,"Prevalence of hypertension among adults aged 30-79 years, crude",numeric,AFR,Africa,Country,RWA,Rwanda,Year,1999,false,Sex,Female,SEX_FMLE,,,,,,,,,,28.2,,,19.5,,37.7,28.2 [19.5-37.7],,,EN,2021-08-19T22:00:00.000Z
NCD_HYP_PREVALENCE_C,"Prevalence of hypertension among adults aged 30-79 years, crude",numeric,AFR,Africa,Country,RWA,Rwanda,Year,1999,false,Sex,Both sexes,SEX_BTSX,,,,,,,,,,28.6,,,22.3,,35.5,28.6 [22.3-35.5],,,EN,2021-08-19T22:00:00.000Z
NCD_HYP_PREVALENCE_C,"Prevalence of hypertension among adults aged 30-79 years, crude",numeric,AFR,Africa,Country,RWA,Rwanda,Year,1999,false,Sex,Male,SEX_MLE,,,,,,,,,,29,,,19.7,,39.7,29.0 [19.7-39.7],,,EN,2021-08-19T22:00:00.000Z
NCD_HYP_PREVALENCE_A,"Prevalence of hypertension among adults aged 30-79 years, age-standardized",numeric,AFR,Africa,Country,RWA,Rwanda,Year,1998,false,Sex,Female,SEX_FMLE,,,,,,,,,,31.5,,,22.2,,41.7,31.5 [22.2-41.7],,,EN,2021-08-19T22:00:00.000Z
NCD_HYP_PREVALENCE_A,"Prevalence of hypertension among adults aged 30-79 years, age-standardized",numeric,AFR,Africa,Country,RWA,Rwanda,Year,1998,false,Sex,Both sexes,SEX_BTSX,,,,,,,,,,32,,,25.1,,39.3,32.0 [25.1-39.3],,,EN,2021-08-19T22:00:00.000Z
NCD_HYP_PREVALENCE_A,"Prevalence of hypertension among adults aged 30-79 years, age-standardized",numeric,AFR,Africa,Country,RWA,Rwanda,Year,1998,false,Sex,Male,SEX_MLE,,,,,,,,,,32.3,,,22.3,,43.4,32.3 [22.3-43.4],,,EN,2021-08-19T22:00:00.000Z
NCD_HYP_PREVALENCE_C,"Prevalence of hypertension among adults aged 30-79 years, crude",numeric,AFR,Africa,Country,RWA,Rwanda,Year,1998,false,Sex,Female,SEX_FMLE,,,,,,,,,,27.8,,,19.1,,37.6,27.8 [19.1-37.6],,,EN,2021-08-19T22:00:00.000Z
NCD_HYP_PREVALENCE_C,"Prevalence of hypertension among adults aged 30-79 years, crude",numeric,AFR,Africa,Country,RWA,Rwanda,Year,1998,false,Sex,Both sexes,SEX_BTSX,,,,,,,,,,28.3,,,21.8,,35.4,28.3 [21.8-35.4],,,EN,2021-08-19T22:00:00.000Z
NCD_HYP_PREVALENCE_C,"Prevalence of hypertension among adults aged 30-79 years, crude",numeric,AFR,Africa,Country,RWA,Rwanda,Year,1998,false,Sex,Male,SEX_MLE,,,,,,,,,,28.8,,,19.2,,39.8,28.8 [19.2-39.8],,,EN,2021-08-19T22:00:00.000Z
NCD_HYP_PREVALENCE_A,"Prevalence of hypertension among adults aged 30-79 years, age-standardized",numeric,AFR,Africa,Country,RWA,Rwanda,Year,1997,false,Sex,Female,SEX_FMLE,,,,,,,,,,31.4,,,21.9,,42.1,31.4 [21.9-42.1],,,EN,2021-08-19T22:00:00.000Z
NCD_HYP_PREVALENCE_A,"Prevalence of hypertension among adults aged 30-79 years, age-standardized",numeric,AFR,Africa,Country,RWA,Rwanda,Year,1997,false,Sex,Both sexes,SEX_BTSX,,,,,,,,,,31.9,,,24.8,,39.4,31.9 [24.8-39.4],,,EN,2021-08-19T22:00:00.000Z
NCD_HYP_PREVALENCE_A,"Prevalence of hypertension among adults aged 30-79 years, age-standardized",numeric,AFR,Africa,Country,RWA,Rwanda,Year,1997,false,Sex,Male,SEX_MLE,,,,,,,,,,32.2,,,22,,43.6,32.2 [22.0-43.6],,,EN,2021-08-19T22:00:00.000Z
NCD_HYP_PREVALENCE_C,"Prevalence of hypertension among adults aged 30-79 years, crude",numeric,AFR,Africa,Country,RWA,Rwanda,Year,1997,false,Sex,Female,SEX_FMLE,,,,,,,,,,27.5,,,18.6,,37.6,27.5 [18.6-37.6],,,EN,2021-08-19T22:00:00.000Z
NCD_HYP_PREVALENCE_C,"Prevalence of hypertension among adults aged 30-79 years, crude",numeric,AFR,Africa,Country,RWA,Rwanda,Year,1997,false,Sex,Both sexes,SEX_BTSX,,,,,,,,,,28,,,21.4,,35.3,28.0 [21.4-35.3],,,EN,2021-08-19T22:00:00.000Z
NCD_HYP_PREVALENCE_C,"Prevalence of hypertension among adults aged 30-79 years, crude",numeric,AFR,Africa,Country,RWA,Rwanda,Year,1997,false,Sex,Male,SEX_MLE,,,,,,,,,,28.7,,,18.9,,39.9,28.7 [18.9-39.9],,,EN,2021-08-19T22:00:00.000Z
NCD_HYP_PREVALENCE_A,"Prevalence of hypertension among adults aged 30-79 years, age-standardized",numeric,AFR,Africa,Country,RWA,Rwanda,Year,1996,false,Sex,Female,SEX_FMLE,,,,,,,,,,31.4,,,21.7,,42.1,31.4 [21.7-42.1],,,EN,2021-08-19T22:00:00.000Z
NCD_HYP_PREVALENCE_A,"Prevalence of hypertension among adults aged 30-79 years, age-standardized",numeric,AFR,Africa,Country,RWA,Rwanda,Year,1996,false,Sex,Both sexes,SEX_BTSX,,,,,,,,,,31.8,,,24.5,,39.7,31.8 [24.5-39.7],,,EN,2021-08-19T22:00:00.000Z
NCD_HYP_PREVALENCE_A,"Prevalence of hypertension among adults aged 30-79 years, age-standardized",numeric,AFR,Africa,Country,RWA,Rwanda,Year,1996,false,Sex,Male,SEX_MLE,,,,,,,,,,32.2,,,21.5,,44,32.2 [21.5-44.0],,,EN,2021-08-19T22:00:00.000Z
NCD_HYP_PREVALENCE_C,"Prevalence of hypertension among adults aged 30-79 years, crude",numeric,AFR,Africa,Country,RWA,Rwanda,Year,1996,false,Sex,Female,SEX_FMLE,,,,,,,,,,27.2,,,18.1,,37.5,27.2 [18.1-37.5],,,EN,2021-08-19T22:00:00.000Z
NCD_HYP_PREVALENCE_C,"Prevalence of hypertension among adults aged 30-79 years, crude",numeric,AFR,Africa,Country,RWA,Rwanda,Year,1996,false,Sex,Both sexes,SEX_BTSX,,,,,,,,,,27.9,,,21,,35.4,27.9 [21.0-35.4],,,EN,2021-08-19T22:00:00.000Z
NCD_HYP_PREVALENCE_C,"Prevalence of hypertension among adults aged 30-79 years, crude",numeric,AFR,Africa,Country,RWA,Rwanda,Year,1996,false,Sex,Male,SEX_MLE,,,,,,,,,,28.6,,,18.5,,40.1,28.6 [18.5-40.1],,,EN,2021-08-19T22:00:00.000Z
NCD_HYP_PREVALENCE_A,"Prevalence of hypertension among adults aged 30-79 years, age-standardized",numeric,AFR,Africa,Country,RWA,Rwanda,Year,1995,false,Sex,Female,SEX_FMLE,,,,,,,,,,31.4,,,21.4,,42.5,31.4 [21.4-42.5],,,EN,2021-08-19T22:00:00.000Z
NCD_HYP_PREVALENCE_A,"Prevalence of hypertension among adults aged 30-79 years, age-standardized",numeric,AFR,Africa,Country,RWA,Rwanda,Year,1995,false,Sex,Both sexes,SEX_BTSX,,,,,,,,,,31.8,,,24.2,,40,31.8 [24.2-40.0],,,EN,2021-08-19T22:00:00.000Z
NCD_HYP_PREVALENCE_A,"Prevalence of hypertension among adults aged 30-79 years, age-standardized",numeric,AFR,Africa,Country,RWA,Rwanda,Year,1995,false,Sex,Male,SEX_MLE,,,,,,,,,,32.1,,,21.1,,44.4,32.1 [21.1-44.4],,,EN,2021-08-19T22:00:00.000Z
NCD_HYP_PREVALENCE_C,"Prevalence of hypertension among adults aged 30-79 years, crude",numeric,AFR,Africa,Country,RWA,Rwanda,Year,1995,false,Sex,Female,SEX_FMLE,,,,,,,,,,27.1,,,17.8,,37.8,27.1 [17.8-37.8],,,EN,2021-08-19T22:00:00.000Z
NCD_HYP_PREVALENCE_C,"Prevalence of hypertension among adults aged 30-79 years, crude",numeric,AFR,Africa,Country,RWA,Rwanda,Year,1995,false,Sex,Both sexes,SEX_BTSX,,,,,,,,,,27.7,,,20.7,,35.7,27.7 [20.7-35.7],,,EN,2021-08-19T22:00:00.000Z
NCD_HYP_PREVALENCE_C,"Prevalence of hypertension among adults aged 30-79 years, crude",numeric,AFR,Africa,Country,RWA,Rwanda,Year,1995,false,Sex,Male,SEX_MLE,,,,,,,,,,28.5,,,18.2,,40.5,28.5 [18.2-40.5],,,EN,2021-08-19T22:00:00.000Z
NCD_HYP_PREVALENCE_A,"Prevalence of hypertension among adults aged 30-79 years, age-standardized",numeric,AFR,Africa,Country,RWA,Rwanda,Year,1994,false,Sex,Female,SEX_FMLE,,,,,,,,,,31.4,,,20.8,,43.1,31.4 [20.8-43.1],,,EN,2021-08-19T22:00:00.000Z
NCD_HYP_PREVALENCE_A,"Prevalence of hypertension among adults aged 30-79 years, age-standardized",numeric,AFR,Africa,Country,RWA,Rwanda,Year,1994,false,Sex,Both sexes,SEX_BTSX,,,,,,,,,,31.7,,,23.9,,40.2,31.7 [23.9-40.2],,,EN,2021-08-19T22:00:00.000Z
NCD_HYP_PREVALENCE_A,"Prevalence of hypertension among adults aged 30-79 years, age-standardized",numeric,AFR,Africa,Country,RWA,Rwanda,Year,1994,false,Sex,Male,SEX_MLE,,,,,,,,,,32.1,,,20.7,,44.6,32.1 [20.7-44.6],,,EN,2021-08-19T22:00:00.000Z
NCD_HYP_PREVALENCE_C,"Prevalence of hypertension among adults aged 30-79 years, crude",numeric,AFR,Africa,Country,RWA,Rwanda,Year,1994,false,Sex,Female,SEX_FMLE,,,,,,,,,,27,,,17.3,,38.3,27.0 [17.3-38.3],,,EN,2021-08-19T22:00:00.000Z
NCD_HYP_PREVALENCE_C,"Prevalence of hypertension among adults aged 30-79 years, crude",numeric,AFR,Africa,Country,RWA,Rwanda,Year,1994,false,Sex,Both sexes,SEX_BTSX,,,,,,,,,,27.7,,,20.3,,35.9,27.7 [20.3-35.9],,,EN,2021-08-19T22:00:00.000Z
NCD_HYP_PREVALENCE_C,"Prevalence of hypertension among adults aged 30-79 years, crude",numeric,AFR,Africa,Country,RWA,Rwanda,Year,1994,false,Sex,Male,SEX_MLE,,,,,,,,,,28.5,,,17.7,,41.1,28.5 [17.7-41.1],,,EN,2021-08-19T22:00:00.000Z
NCD_HYP_PREVALENCE_A,"Prevalence of hypertension among adults aged 30-79 years, age-standardized",numeric,AFR,Africa,Country,RWA,Rwanda,Year,1993,false,Sex,Female,SEX_FMLE,,,,,,,,,,31.3,,,20.5,,43.7,31.3 [20.5-43.7],,,EN,2021-08-19T22:00:00.000Z
NCD_HYP_PREVALENCE_A,"Prevalence of hypertension among adults aged 30-79 years, age-standardized",numeric,AFR,Africa,Country,RWA,Rwanda,Year,1993,false,Sex,Both sexes,SEX_BTSX,,,,,,,,,,31.7,,,23.5,,40.7,31.7 [23.5-40.7],,,EN,2021-08-19T22:00:00.000Z
NCD_HYP_PREVALENCE_A,"Prevalence of hypertension among adults aged 30-79 years, age-standardized",numeric,AFR,Africa,Country,RWA,Rwanda,Year,1993,false,Sex,Male,SEX_MLE,,,,,,,,,,32,,,20.2,,45,32.0 [20.2-45.0],,,EN,2021-08-19T22:00:00.000Z
NCD_HYP_PREVALENCE_C,"Prevalence of hypertension among adults aged 30-79 years, crude",numeric,AFR,Africa,Country,RWA,Rwanda,Year,1993,false,Sex,Female,SEX_FMLE,,,,,,,,,,26.9,,,16.9,,38.8,26.9 [16.9-38.8],,,EN,2021-08-19T22:00:00.000Z
NCD_HYP_PREVALENCE_C,"Prevalence of hypertension among adults aged 30-79 years, crude",numeric,AFR,Africa,Country,RWA,Rwanda,Year,1993,false,Sex,Both sexes,SEX_BTSX,,,,,,,,,,27.6,,,20,,36.3,27.6 [20.0-36.3],,,EN,2021-08-19T22:00:00.000Z
NCD_HYP_PREVALENCE_C,"Prevalence of hypertension among adults aged 30-79 years, crude",numeric,AFR,Africa,Country,RWA,Rwanda,Year,1993,false,Sex,Male,SEX_MLE,,,,,,,,,,28.5,,,17.2,,41.7,28.5 [17.2-41.7],,,EN,2021-08-19T22:00:00.000Z
NCD_HYP_PREVALENCE_A,"Prevalence of hypertension among adults aged 30-79 years, age-standardized",numeric,AFR,Africa,Country,RWA,Rwanda,Year,1992,false,Sex,Female,SEX_FMLE,,,,,,,,,,31.3,,,19.9,,44.4,31.3 [19.9-44.4],,,EN,2021-08-19T22:00:00.000Z
NCD_HYP_PREVALENCE_A,"Prevalence of hypertension among adults aged 30-79 years, age-standardized",numeric,AFR,Africa,Country,RWA,Rwanda,Year,1992,false,Sex,Both sexes,SEX_BTSX,,,,,,,,,,31.7,,,23,,41.2,31.7 [23.0-41.2],,,EN,2021-08-19T22:00:00.000Z
NCD_HYP_PREVALENCE_A,"Prevalence of hypertension among adults aged 30-79 years, age-standardized",numeric,AFR,Africa,Country,RWA,Rwanda,Year,1992,false,Sex,Male,SEX_MLE,,,,,,,,,,32,,,19.7,,45.8,32.0 [19.7-45.8],,,EN,2021-08-19T22:00:00.000Z
NCD_HYP_PREVALENCE_C,"Prevalence of hypertension among adults aged 30-79 years, crude",numeric,AFR,Africa,Country,RWA,Rwanda,Year,1992,false,Sex,Female,SEX_FMLE,,,,,,,,,,26.8,,,16.3,,39.5,26.8 [16.3-39.5],,,EN,2021-08-19T22:00:00.000Z
NCD_HYP_PREVALENCE_C,"Prevalence of hypertension among adults aged 30-79 years, crude",numeric,AFR,Africa,Country,RWA,Rwanda,Year,1992,false,Sex,Both sexes,SEX_BTSX,,,,,,,,,,27.6,,,19.4,,36.7,27.6 [19.4-36.7],,,EN,2021-08-19T22:00:00.000Z
NCD_HYP_PREVALENCE_C,"Prevalence of hypertension among adults aged 30-79 years, crude",numeric,AFR,Africa,Country,RWA,Rwanda,Year,1992,false,Sex,Male,SEX_MLE,,,,,,,,,,28.4,,,16.7,,42.3,28.4 [16.7-42.3],,,EN,2021-08-19T22:00:00.000Z
NCD_HYP_PREVALENCE_A,"Prevalence of hypertension among adults aged 30-79 years, age-standardized",numeric,AFR,Africa,Country,RWA,Rwanda,Year,1991,false,Sex,Female,SEX_FMLE,,,,,,,,,,31.4,,,19.3,,45.5,31.4 [19.3-45.5],,,EN,2021-08-19T22:00:00.000Z
NCD_HYP_PREVALENCE_A,"Prevalence of hypertension among adults aged 30-79 years, age-standardized",numeric,AFR,Africa,Country,RWA,Rwanda,Year,1991,false,Sex,Both sexes,SEX_BTSX,,,,,,,,,,31.7,,,22.5,,41.8,31.7 [22.5-41.8],,,EN,2021-08-19T22:00:00.000Z
NCD_HYP_PREVALENCE_A,"Prevalence of hypertension among adults aged 30-79 years, age-standardized",numeric,AFR,Africa,Country,RWA,Rwanda,Year,1991,false,Sex,Male,SEX_MLE,,,,,,,,,,31.9,,,18.9,,46.6,31.9 [18.9-46.6],,,EN,2021-08-19T22:00:00.000Z
NCD_HYP_PREVALENCE_C,"Prevalence of hypertension among adults aged 30-79 years, crude",numeric,AFR,Africa,Country,RWA,Rwanda,Year,1991,false,Sex,Female,SEX_FMLE,,,,,,,,,,26.8,,,15.8,,40.3,26.8 [15.8-40.3],,,EN,2021-08-19T22:00:00.000Z
NCD_HYP_PREVALENCE_C,"Prevalence of hypertension among adults aged 30-79 years, crude",numeric,AFR,Africa,Country,RWA,Rwanda,Year,1991,false,Sex,Both sexes,SEX_BTSX,,,,,,,,,,27.5,,,19,,37.2,27.5 [19.0-37.2],,,EN,2021-08-19T22:00:00.000Z
NCD_HYP_PREVALENCE_C,"Prevalence of hypertension among adults aged 30-79 years, crude",numeric,AFR,Africa,Country,RWA,Rwanda,Year,1991,false,Sex,Male,SEX_MLE,,,,,,,,,,28.3,,,16.1,,42.9,28.3 [16.1-42.9],,,EN,2021-08-19T22:00:00.000Z
NCD_HYP_PREVALENCE_A,"Prevalence of hypertension among adults aged 30-79 years, age-standardized",numeric,AFR,Africa,Country,RWA,Rwanda,Year,1990,false,Sex,Female,SEX_FMLE,,,,,,,,,,31.4,,,18.6,,46.7,31.4 [18.6-46.7],,,EN,2021-08-19T22:00:00.000Z
NCD_HYP_PREVALENCE_A,"Prevalence of hypertension among adults aged 30-79 years, age-standardized",numeric,AFR,Africa,Country,RWA,Rwanda,Year,1990,false,Sex,Both sexes,SEX_BTSX,,,,,,,,,,31.7,,,21.9,,42.5,31.7 [21.9-42.5],,,EN,2021-08-19T22:00:00.000Z
NCD_HYP_PREVALENCE_A,"Prevalence of hypertension among adults aged 30-79 years, age-standardized",numeric,AFR,Africa,Country,RWA,Rwanda,Year,1990,false,Sex,Male,SEX_MLE,,,,,,,,,,31.9,,,18.2,,47.6,31.9 [18.2-47.6],,,EN,2021-08-19T22:00:00.000Z
NCD_HYP_PREVALENCE_C,"Prevalence of hypertension among adults aged 30-79 years, crude",numeric,AFR,Africa,Country,RWA,Rwanda,Year,1990,false,Sex,Female,SEX_FMLE,,,,,,,,,,26.8,,,15.2,,41.2,26.8 [15.2-41.2],,,EN,2021-08-19T22:00:00.000Z
NCD_HYP_PREVALENCE_C,"Prevalence of hypertension among adults aged 30-79 years, crude",numeric,AFR,Africa,Country,RWA,Rwanda,Year,1990,false,Sex,Both sexes,SEX_BTSX,,,,,,,,,,27.5,,,18.4,,37.9,27.5 [18.4-37.9],,,EN,2021-08-19T22:00:00.000Z
NCD_HYP_PREVALENCE_C,"Prevalence of hypertension among adults aged 30-79 years, crude",numeric,AFR,Africa,Country,RWA,Rwanda,Year,1990,false,Sex,Male,SEX_MLE,,,,,,,,,,28.2,,,15.4,,43.7,28.2 [15.4-43.7],,,EN,2021-08-19T22:00:00.000Z
